<configuration>
	<appender name="STDOUT"
		class="ch.qos.logback.core.ConsoleAppender">
		<!-- encoders are assigned the type ch.qos.logback.classic.encoder.PatternLayoutEncoder 
			by default -->
		<encoder>
			<pattern>%d{yyyy-MM-dd HH:mm:ss.SSS} [%thread] %-5level %logger{35} - %msg %n</pattern>
		</encoder>
	</appender>

	<appender name="FILE"
		class="ch.qos.logback.core.rolling.RollingFileAppender">
		<file>C:\\logs\\hello-spring.log</file>
		<rollingPolicy class="ch.qos.logback.core.rolling.TimeBasedRollingPolicy">
			<!-- daily rollover -->
			<fileNamePattern>C:\\logs\\hello-spring.%d{yyyy-MM-dd HH:mm}.log</fileNamePattern>

			<!-- keep 30 days' worth of history capped at 3GB total size -->
			<!-- 로그는 함부로 지우면 안되니 사용하지 않ㅇㅁ. 30일지나면 삭제, 3기가 넘어가면 오래된 순으로 삭제 -->
			<!-- 이게 순식간에 차버린다. -->
			<!-- <maxHistory>30</maxHistory>
			<totalSizeCap>3GB</totalSizeCap>
			 -->

		</rollingPolicy>

		<encoder>
			<pattern>%d{yyyy-MM-dd HH:mm:ss.SSS} [%thread] %-5level %logger{35} - %msg %n
			</pattern>
		</encoder>
	</appender>

	<root level="DEBUG">
		<!-- 콘솔에도 나오고 파일로도 저장하도록 설정했음 -->
		<appender-ref ref="STDOUT" />
		<appender-ref ref="FILE" />
	</root>
</configuration>